artists,cluster,perfil_cluster,alto_potencial,apariciones_chile,canciones_unicas_chile,rank_promedio_chile,popularidad_promedio,movimiento_diario_promedio,movimiento_semanal_promedio,permanencia_dias,puntaje_posicion_chile,probabilidad_alta_senal_spotify,clase_predicha,senal_predicha
Cris Mj,2,Artistas consolidados de alto desempeño local,1,3797,44,22.263365815117197,75.86515670265999,0.5077692915459573,1.6860679483803003,580,50,1.0,1,Alta señal digital local
Jere Klein,2,Artistas consolidados de alto desempeño local,1,3792,45,21.359704641350213,71.83306962025317,0.5279535864978903,1.7331223628691983,581,50,1.0,1,Alta señal digital local
Kidd Voodoo,2,Artistas consolidados de alto desempeño local,1,2937,57,22.41811372148451,68.62887299965952,0.6530473272046305,2.5760980592441265,519,50,0.999999,1,Alta señal digital local
Lucky Brown,2,Artistas consolidados de alto desempeño local,1,2471,27,21.342776203966007,71.04775394577095,0.5880210441116956,2.1732092270335897,582,50,1.0,1,Alta señal digital local
Bad Bunny,2,Artistas consolidados de alto desempeño local,1,2127,39,19.866008462623412,90.42031029619181,0.35637047484720263,2.083215796897038,486,50,1.0,1,Alta señal digital local
KAROL G,2,Artistas consolidados de alto desempeño local,1,1643,17,31.34327449786975,88.00791235544735,0.26536822884966527,0.9835666463785758,582,50,1.0,1,Alta señal digital local
Mateo on the Beatz,2,Artistas consolidados de alto desempeño local,1,1542,18,20.85343709468223,70.03631647211414,0.5998702983138781,1.9863813229571985,582,50,1.0,1,Alta señal digital local
FloyyMenor,2,Artistas consolidados de alto desempeño local,1,1482,20,20.821862348178136,77.57692307692308,0.7017543859649122,3.0020242914979756,433,50,0.999999,1,Alta señal digital local
Feid,0,Presencia sostenida en rankings chilenos,1,1112,14,25.3794964028777,88.69064748201438,0.4307553956834532,1.2886690647482015,542,49,0.999999,1,Alta señal digital local
Pablo Chill-E,0,Presencia sostenida en rankings chilenos,1,1055,16,25.90521327014218,70.35355450236966,0.43317535545023694,1.2881516587677726,530,50,0.999998,1,Alta señal digital local
Ovy On The Drums,0,Presencia sostenida en rankings chilenos,1,856,10,20.57126168224299,81.77920560747664,0.7184579439252337,3.40303738317757,329,50,0.999994,1,Alta señal digital local
Nickoog Clk,0,Presencia sostenida en rankings chilenos,1,798,9,27.19924812030075,72.43734335839599,0.4523809523809524,1.0100250626566416,421,50,0.999992,1,Alta señal digital local
Swift 047,0,Presencia sostenida en rankings chilenos,1,796,10,20.746231155778894,71.82035175879398,0.29396984924623115,0.7876884422110553,342,50,0.999995,1,Alta señal digital local
Rauw Alejandro,0,Presencia sostenida en rankings chilenos,1,737,5,26.385345997286297,86.59565807327002,0.4314789687924016,1.78561736770692,526,48,0.999998,1,Alta señal digital local
DrefQuila,0,Presencia sostenida en rankings chilenos,1,723,16,25.038727524204702,67.46749654218534,0.6182572614107884,1.7496542185338866,311,50,0.999943,1,Alta señal digital local
Jairo Vera,0,Presencia sostenida en rankings chilenos,1,718,15,22.64066852367688,71.4025069637883,0.6183844011142061,2.278551532033426,393,50,0.999988,1,Alta señal digital local
Ke Personajes,0,Presencia sostenida en rankings chilenos,1,699,5,24.13304721030043,80.95994277539342,0.38197424892703863,1.005722460658083,524,47,0.999998,1,Alta señal digital local
Myke Towers,0,Presencia sostenida en rankings chilenos,1,590,8,25.733898305084747,88.39152542372881,0.4152542372881356,1.259322033898305,436,48,0.999992,1,Alta señal digital local
Anuel AA,0,Presencia sostenida en rankings chilenos,1,544,13,29.363970588235293,80.95220588235294,0.5992647058823529,1.8511029411764706,439,50,0.999968,1,Alta señal digital local
Tiago PZK,0,Presencia sostenida en rankings chilenos,1,540,5,21.044444444444444,81.33888888888889,0.6388888888888888,1.9425925925925926,438,46,0.999995,1,Alta señal digital local
Young Cister,0,Presencia sostenida en rankings chilenos,1,519,26,24.69942196531792,65.57418111753371,0.9884393063583815,3.2928709055876686,274,50,0.999401,1,Alta señal digital local
Blessd,0,Presencia sostenida en rankings chilenos,1,508,7,23.555118110236222,82.38976377952756,0.5570866141732284,2.1653543307086616,291,50,0.99997,1,Alta señal digital local
Gino Mella,0,Presencia sostenida en rankings chilenos,1,503,10,30.642147117296222,71.28429423459245,0.29025844930417494,0.5864811133200796,229,50,0.999632,1,Alta señal digital local
ATL Jacob,0,Presencia sostenida en rankings chilenos,1,489,1,19.498977505112475,90.41104294478528,0.5378323108384458,0.9856850715746421,489,48,0.999999,1,Alta señal digital local
Kapo,0,Presencia sostenida en rankings chilenos,1,481,3,25.46985446985447,86.04573804573805,0.45114345114345117,1.2349272349272349,305,47,0.999966,1,Alta señal digital local
Fran C,0,Presencia sostenida en rankings chilenos,1,481,7,28.484407484407484,66.28066528066527,0.5634095634095634,2.417879417879418,365,48,0.999908,1,Alta señal digital local
Gittobeatz,0,Presencia sostenida en rankings chilenos,1,475,5,21.347368421052632,73.48842105263158,0.6189473684210526,2.0442105263157893,378,50,0.999992,1,Alta señal digital local
Dei V,0,Presencia sostenida en rankings chilenos,1,470,4,20.34468085106383,81.18297872340426,0.4,1.9787234042553192,369,49,0.999994,1,Alta señal digital local
Peso Pluma,0,Presencia sostenida en rankings chilenos,1,454,3,28.46696035242291,90.47577092511013,0.27312775330396477,0.6013215859030837,354,49,0.999976,1,Alta señal digital local
Nes,0,Presencia sostenida en rankings chilenos,1,445,6,23.564044943820225,74.35280898876404,0.19101123595505617,1.0764044943820226,365,50,0.999986,1,Alta señal digital local
Katteyes,0,Presencia sostenida en rankings chilenos,1,435,3,18.011494252873565,75.08735632183908,0.5103448275862069,2.1632183908045977,370,50,0.999996,1,Alta señal digital local
El BAI,0,Presencia sostenida en rankings chilenos,1,435,3,21.248275862068965,74.25287356321839,0.3701149425287356,0.5080459770114942,308,50,0.999988,1,Alta señal digital local
Bayron Fire,0,Presencia sostenida en rankings chilenos,1,430,5,23.211627906976744,69.38837209302325,0.4604651162790698,2.341860465116279,206,50,0.999886,1,Alta señal digital local
Bruno Mars,0,Presencia sostenida en rankings chilenos,1,424,4,24.22877358490566,93.09433962264151,0.6344339622641509,2.17688679245283,267,45,0.999928,1,Alta señal digital local
Ak4:20,0,Presencia sostenida en rankings chilenos,1,405,13,30.476543209876542,66.41975308641975,0.2074074074074074,1.108641975308642,258,46,0.998919,1,Alta señal digital local
Lewis Somes,0,Presencia sostenida en rankings chilenos,1,394,5,22.695431472081218,74.68274111675127,0.631979695431472,3.383248730964467,274,49,0.999933,1,Alta señal digital local
Pailita,0,Presencia sostenida en rankings chilenos,1,388,9,32.095360824742265,70.42525773195877,0.4252577319587629,1.056701030927835,245,45,0.998681,1,Alta señal digital local
Nicki Nicole,0,Presencia sostenida en rankings chilenos,1,387,4,21.819121447028422,82.86046511627907,0.5064599483204134,0.772609819121447,236,48,0.999957,1,Alta señal digital local
Maluma,0,Presencia sostenida en rankings chilenos,1,375,3,35.78666666666667,86.72,0.304,1.0213333333333334,252,33,0.994237,1,Alta señal digital local
Plan B,0,Presencia sostenida en rankings chilenos,1,371,3,38.094339622641506,77.74393530997304,1.4986522911051212,2.1563342318059298,318,31,0.989073,1,Alta señal digital local
Adan La Amenaza,0,Presencia sostenida en rankings chilenos,1,360,3,27.191666666666666,70.73055555555555,0.20277777777777778,0.5694444444444444,311,49,0.999934,1,Alta señal digital local
Easykid,0,Presencia sostenida en rankings chilenos,1,353,13,25.572237960339944,65.51558073654391,0.6005665722379604,2.6487252124645893,221,50,0.999472,1,Alta señal digital local
Young Miko,0,Presencia sostenida en rankings chilenos,1,349,6,34.00286532951289,87.72206303724928,0.22922636103151864,0.7335243553008596,214,45,0.998613,1,Alta señal digital local
Julianno Sosa,0,Presencia sostenida en rankings chilenos,1,347,14,28.740634005763688,67.05187319884726,0.4495677233429395,2.3285302593659942,225,48,0.998661,1,Alta señal digital local
Yan Block,0,Presencia sostenida en rankings chilenos,1,344,6,32.56686046511628,76.36627906976744,0.627906976744186,2.8488372093023258,243,41,0.997121,1,Alta señal digital local
Omar Courtz,0,Presencia sostenida en rankings chilenos,1,343,5,18.335276967930028,87.00583090379008,0.7376093294460642,3.6355685131195337,237,49,0.999965,1,Alta señal digital local
Emilia,0,Presencia sostenida en rankings chilenos,1,330,5,34.875757575757575,82.94545454545455,0.5848484848484848,1.8060606060606061,324,39,0.998348,1,Alta señal digital local
Jimin,0,Presencia sostenida en rankings chilenos,1,324,3,12.07716049382716,89.63271604938272,0.7222222222222222,3.299382716049383,312,50,0.999997,1,Alta señal digital local
King Savagge,0,Presencia sostenida en rankings chilenos,1,323,8,20.41176470588235,71.6501547987616,0.5572755417956656,2.3405572755417956,278,50,0.99995,1,Alta señal digital local
Big Cvyu,0,Presencia sostenida en rankings chilenos,1,311,3,20.636655948553056,70.2572347266881,0.5980707395498392,1.639871382636656,311,49,0.999976,1,Alta señal digital local
Grupo Zúmbale Primo,0,Presencia sostenida en rankings chilenos,1,297,4,30.962962962962962,65.86868686868686,0.7912457912457912,1.4747474747474747,184,45,0.997838,1,Alta señal digital local
Lady Gaga,0,Presencia sostenida en rankings chilenos,1,284,3,23.619718309859156,94.30633802816901,0.647887323943662,2.25,266,45,0.999911,1,Alta señal digital local
Beéle,0,Presencia sostenida en rankings chilenos,1,282,7,15.73404255319149,86.06382978723404,1.0141843971631206,5.943262411347518,157,50,0.999897,1,Alta señal digital local
Dysbit,0,Presencia sostenida en rankings chilenos,1,282,7,28.29078014184397,65.6063829787234,0.1879432624113475,2.021276595744681,255,45,0.999182,1,Alta señal digital local
Milo j,0,Presencia sostenida en rankings chilenos,1,279,7,34.40860215053763,86.77777777777777,0.4336917562724014,0.4444444444444444,163,42,0.994394,1,Alta señal digital local
Daiko 02,0,Presencia sostenida en rankings chilenos,1,273,2,18.49084249084249,69.9084249084249,0.6410256410256411,1.8681318681318682,273,46,0.99996,1,Alta señal digital local
Quevedo,0,Presencia sostenida en rankings chilenos,1,268,4,30.25,89.19029850746269,0.11940298507462686,0.30597014925373134,149,38,0.996674,1,Alta señal digital local
Carin Leon,0,Presencia sostenida en rankings chilenos,1,268,5,36.63805970149254,86.94776119402985,0.3843283582089552,1.2201492537313432,248,39,0.994565,1,Alta señal digital local
Manuel Turizo,0,Presencia sostenida en rankings chilenos,1,253,1,41.73122529644269,85.30434782608695,0.32806324110671936,0.9169960474308301,253,25,0.569536,1,Alta señal digital local
Harry Nach,0,Presencia sostenida en rankings chilenos,1,251,4,28.713147410358566,65.9203187250996,0.26294820717131473,1.043824701195219,249,41,0.998812,1,Alta señal digital local
Best,0,Presencia sostenida en rankings chilenos,1,251,4,26.665338645418327,73.18725099601593,0.32270916334661354,0.6772908366533864,176,50,0.999655,1,Alta señal digital local
El Jordan 23,0,Presencia sostenida en rankings chilenos,1,240,5,29.604166666666668,76.78333333333333,0.1375,0.6125,210,43,0.998741,1,Alta señal digital local
Shakira,0,Presencia sostenida en rankings chilenos,1,229,3,34.03056768558952,85.40174672489083,0.38427947598253276,1.6899563318777293,226,44,0.997966,1,Alta señal digital local
Rvssian,0,Presencia sostenida en rankings chilenos,1,229,2,26.45414847161572,82.32314410480349,0.2794759825327511,1.8820960698689957,229,46,0.999709,1,Alta señal digital local
Bryartz,0,Presencia sostenida en rankings chilenos,1,229,1,22.017467248908297,74.82532751091703,0.2794759825327511,0.7729257641921398,229,50,0.999945,1,Alta señal digital local
Ayra Starr,0,Presencia sostenida en rankings chilenos,1,229,2,26.45414847161572,82.32314410480349,0.2794759825327511,1.8820960698689957,229,46,0.999709,1,Alta señal digital local
Sayian Jimmy,0,Presencia sostenida en rankings chilenos,1,228,2,24.719298245614034,72.81140350877193,0.5394736842105263,1.8114035087719298,228,46,0.999735,1,Alta señal digital local
Nysix Music,0,Presencia sostenida en rankings chilenos,1,228,2,24.719298245614034,72.81140350877193,0.5394736842105263,1.8114035087719298,228,46,0.999735,1,Alta señal digital local
Big One,0,Presencia sostenida en rankings chilenos,1,225,3,28.395555555555557,81.40444444444445,0.28444444444444444,0.8577777777777778,225,47,0.999629,1,Alta señal digital local
Trueno,0,Presencia sostenida en rankings chilenos,1,221,5,24.79638009049774,83.03167420814479,0.4072398190045249,1.502262443438914,157,49,0.999638,1,Alta señal digital local
Resonancia Etérea,0,Presencia sostenida en rankings chilenos,1,216,5,15.949074074074074,69.2824074074074,0.6388888888888888,4.611111111111111,95,49,0.999702,1,Alta señal digital local
Danny Ocean,0,Presencia sostenida en rankings chilenos,1,211,4,28.630331753554504,85.89573459715639,0.6540284360189573,1.957345971563981,176,47,0.999117,1,Alta señal digital local
ITHAN NY,0,Presencia sostenida en rankings chilenos,1,211,7,28.28909952606635,67.23222748815166,0.3459715639810427,1.5781990521327014,210,46,0.998712,1,Alta señal digital local
Bizarrap,0,Presencia sostenida en rankings chilenos,1,209,6,29.980861244019138,88.77511961722487,0.35406698564593303,0.5933014354066986,126,45,0.997705,1,Alta señal digital local
Los Ángeles Azules,3,Baja presencia o menor posicionamiento local,0,207,2,39.869565217391305,80.56038647342996,0.391304347826087,1.1497584541062802,207,23,0.208479,0,Menor señal digital local
De La Rose,0,Presencia sostenida en rankings chilenos,1,206,4,27.262135922330096,83.81067961165049,0.8543689320388349,3.5679611650485437,183,49,0.999316,1,Alta señal digital local
Romeo Santos,0,Presencia sostenida en rankings chilenos,1,199,2,32.84422110552764,87.16582914572864,0.4723618090452261,1.2763819095477387,199,43,0.997804,1,Alta señal digital local
SOULFIA,0,Presencia sostenida en rankings chilenos,1,187,1,24.192513368983956,69.65775401069519,0.19786096256684493,0.5614973262032086,187,41,0.999337,1,Alta señal digital local
eleven1.1,0,Presencia sostenida en rankings chilenos,1,187,1,24.192513368983956,69.65775401069519,0.19786096256684493,0.5614973262032086,187,41,0.999337,1,Alta señal digital local
EL MURCIELAGO,0,Presencia sostenida en rankings chilenos,1,187,1,19.88235294117647,71.6951871657754,0.24598930481283424,-0.16042780748663102,187,50,0.999943,1,Alta señal digital local
Tobal Mj,0,Presencia sostenida en rankings chilenos,1,178,2,23.634831460674157,70.38764044943821,0.47191011235955055,3.5280898876404496,178,49,0.999588,1,Alta señal digital local
Grupo Frontera,0,Presencia sostenida en rankings chilenos,1,176,4,37.13068181818182,82.60795454545455,0.125,0.7443181818181818,164,30,0.870694,1,Alta señal digital local
Martinwhite,0,Presencia sostenida en rankings chilenos,1,172,3,33.36046511627907,70.04651162790698,0.3313953488372093,1.7383720930232558,169,37,0.983071,1,Alta señal digital local
LOS 4F,0,Presencia sostenida en rankings chilenos,1,172,10,33.31976744186046,62.02906976744186,0.7558139534883721,3.197674418604651,99,44,0.957758,1,Alta señal digital local
Ñengo Flow,0,Presencia sostenida en rankings chilenos,1,172,1,19.21511627906977,72.57558139534883,0.32558139534883723,0.5523255813953488,172,48,0.999908,1,Alta señal digital local
Bryant Myers,0,Presencia sostenida en rankings chilenos,1,167,2,25.880239520958085,75.12574850299401,0.3592814371257485,0.6347305389221557,167,41,0.998761,1,Alta señal digital local
NEMJ,0,Presencia sostenida en rankings chilenos,1,166,2,33.04216867469879,69.93373493975903,0.30120481927710846,1.7108433734939759,157,37,0.983065,1,Alta señal digital local
Darell,0,Presencia sostenida en rankings chilenos,1,164,2,22.463414634146343,85.64634146341463,0.17682926829268292,1.225609756097561,164,47,0.999788,1,Alta señal digital local
YSY A,0,Presencia sostenida en rankings chilenos,1,164,2,29.695121951219512,74.59146341463415,0.3475609756097561,0.6707317073170732,164,40,0.9965,1,Alta señal digital local
ONIRIA,0,Presencia sostenida en rankings chilenos,1,163,1,29.644171779141104,75.04907975460122,0.27607361963190186,0.6012269938650306,163,40,0.996903,1,Alta señal digital local
FMK,0,Presencia sostenida en rankings chilenos,1,161,1,24.0,84.99378881987577,0.2236024844720497,0.13664596273291926,161,47,0.999769,1,Alta señal digital local
Standly,0,Presencia sostenida en rankings chilenos,1,160,4,31.35,71.74375,0.80625,1.86875,160,43,0.99412,1,Alta señal digital local
LOUKI,0,Presencia sostenida en rankings chilenos,1,160,1,14.3375,83.20625,0.5875,2.55,160,50,0.999968,1,Alta señal digital local
W Sound,0,Presencia sostenida en rankings chilenos,1,160,2,20.5125,85.7875,0.8125,4.9125,160,50,0.99979,1,Alta señal digital local
ROSÉ,0,Presencia sostenida en rankings chilenos,1,158,2,26.841772151898734,90.24050632911393,0.5632911392405063,1.9873417721518987,158,42,0.99867,1,Alta señal digital local
Los Patos Feos Inc,0,Presencia sostenida en rankings chilenos,1,157,1,28.261146496815286,81.45859872611464,0.11464968152866242,0.3375796178343949,157,40,0.998037,1,Alta señal digital local
Yorghaki,0,Presencia sostenida en rankings chilenos,1,154,1,15.025974025974026,84.74025974025975,0.4805194805194805,3.064935064935065,154,46,0.999922,1,Alta señal digital local
Jhayco,0,Presencia sostenida en rankings chilenos,1,154,2,28.805194805194805,84.52597402597402,0.3246753246753247,0.6298701298701299,154,40,0.997484,1,Alta señal digital local
Alleh,0,Presencia sostenida en rankings chilenos,1,154,1,15.025974025974026,84.74025974025975,0.4805194805194805,3.064935064935065,154,46,0.999922,1,Alta señal digital local
Santaferia,0,Presencia sostenida en rankings chilenos,1,140,5,35.26428571428571,64.55714285714286,2.007142857142857,3.8285714285714287,112,45,0.960177,1,Alta señal digital local
Kali Uchis,0,Presencia sostenida en rankings chilenos,1,140,3,36.107142857142854,80.74285714285715,0.45,2.164285714285714,140,47,0.991095,1,Alta señal digital local
Panda Black,0,Presencia sostenida en rankings chilenos,1,138,3,21.753623188405797,77.07971014492753,0.7318840579710145,3.108695652173913,138,49,0.999583,1,Alta señal digital local
Axl Boore,0,Presencia sostenida en rankings chilenos,1,137,2,29.357664233576642,65.62773722627738,0.16058394160583941,0.5474452554744526,137,41,0.994955,1,Alta señal digital local
The La Planta,0,Presencia sostenida en rankings chilenos,1,134,1,31.828358208955223,81.3955223880597,0.30597014925373134,0.6119402985074627,134,47,0.99773,1,Alta señal digital local
Valentino Merlo,0,Presencia sostenida en rankings chilenos,1,134,1,31.828358208955223,81.3955223880597,0.30597014925373134,0.6119402985074627,134,47,0.99773,1,Alta señal digital local
iZaak,0,Presencia sostenida en rankings chilenos,1,131,2,27.34351145038168,81.55725190839695,0.32061068702290074,0.5343511450381679,131,40,0.997296,1,Alta señal digital local
DJ Luian,3,Baja presencia o menor posicionamiento local,0,125,2,37.736,84.656,0.328,0.512,125,26,0.290767,0,Menor señal digital local
Mambo Kingz,3,Baja presencia o menor posicionamiento local,0,125,2,37.736,84.656,0.328,0.512,125,26,0.290767,0,Menor señal digital local
Galee Galee,0,Presencia sostenida en rankings chilenos,1,123,2,33.05691056910569,64.8130081300813,0.3008130081300813,1.089430894308943,87,43,0.982175,1,Alta señal digital local
JHAYCO,0,Presencia sostenida en rankings chilenos,1,123,2,35.28455284552845,79.69918699186992,0.34146341463414637,1.4146341463414633,123,47,0.992404,1,Alta señal digital local
Napoles,0,Presencia sostenida en rankings chilenos,1,122,1,27.459016393442624,67.27049180327869,0.4016393442622951,2.081967213114754,122,38,0.992202,1,Alta señal digital local
Mati Bomba,0,Presencia sostenida en rankings chilenos,1,122,1,27.459016393442624,67.27049180327869,0.4016393442622951,2.081967213114754,122,38,0.992202,1,Alta señal digital local
benny blanco,0,Presencia sostenida en rankings chilenos,1,111,1,22.34234234234234,83.990990990991,0.5945945945945946,2.6036036036036037,111,48,0.999504,1,Alta señal digital local
Luar La L,0,Presencia sostenida en rankings chilenos,1,106,5,30.90566037735849,82.4245283018868,0.6415094339622641,2.1132075471698113,100,33,0.955738,1,Alta señal digital local
Mesita,0,Presencia sostenida en rankings chilenos,1,106,1,25.547169811320753,88.61320754716981,0.6792452830188679,0.8679245283018868,106,39,0.997483,1,Alta señal digital local
Alvaro Diaz,0,Presencia sostenida en rankings chilenos,1,105,3,25.914285714285715,72.4,0.7047619047619048,3.2476190476190476,105,48,0.997773,1,Alta señal digital local
Bayriton,0,Presencia sostenida en rankings chilenos,1,102,3,29.127450980392158,71.22549019607843,0.5784313725490197,1.9607843137254901,102,37,0.981658,1,Alta señal digital local
La Joaqui,0,Presencia sostenida en rankings chilenos,1,101,1,24.277227722772277,69.47524752475248,0.1485148514851485,0.7623762376237624,101,43,0.998212,1,Alta señal digital local
Maisak,0,Presencia sostenida en rankings chilenos,1,101,1,33.257425742574256,84.42574257425743,0.46534653465346537,1.881188118811881,101,43,0.98928,1,Alta señal digital local
Lidanza,0,Presencia sostenida en rankings chilenos,1,99,1,32.36363636363637,66.34343434343434,0.25252525252525254,1.404040404040404,99,30,0.661278,1,Alta señal digital local
Xavi,0,Presencia sostenida en rankings chilenos,1,97,1,24.051546391752577,97.08247422680412,0.4845360824742268,0.7938144329896907,97,44,0.999244,1,Alta señal digital local
Anitta,0,Presencia sostenida en rankings chilenos,1,95,3,31.57894736842105,89.22105263157894,0.631578947368421,3.2421052631578946,95,38,0.976563,1,Alta señal digital local
Nacho G Flow,0,Presencia sostenida en rankings chilenos,1,95,1,6.71578947368421,74.48421052631579,0.7894736842105263,6.073684210526316,95,49,0.999952,1,Alta señal digital local
Lunay,0,Presencia sostenida en rankings chilenos,1,93,2,30.397849462365592,85.60215053763442,0.3548387096774194,0.8279569892473119,93,33,0.9747,1,Alta señal digital local
Chiko Alfa,0,Presencia sostenida en rankings chilenos,1,91,1,28.78021978021978,73.89010989010988,0.26373626373626374,0.02197802197802198,91,36,0.988224,1,Alta señal digital local
Taiko,0,Presencia sostenida en rankings chilenos,1,91,1,29.0989010989011,71.79120879120879,0.03296703296703297,0.3516483516483517,91,37,0.987929,1,Alta señal digital local
Paolo Pimp,0,Presencia sostenida en rankings chilenos,1,91,1,28.78021978021978,73.89010989010988,0.26373626373626374,0.02197802197802198,91,36,0.988224,1,Alta señal digital local
Malito Malozo,0,Presencia sostenida en rankings chilenos,1,91,1,28.78021978021978,73.89010989010988,0.26373626373626374,0.02197802197802198,91,36,0.988224,1,Alta señal digital local
Sabrina Carpenter,3,Baja presencia o menor posicionamiento local,0,89,3,40.764044943820224,95.52808988764045,0.15730337078651685,1.449438202247191,50,28,0.145334,0,Menor señal digital local
Dj Osar,0,Presencia sostenida en rankings chilenos,1,87,1,19.919540229885058,68.85057471264368,0.0,0.11494252873563218,87,46,0.99952,1,Alta señal digital local
Gaby Music,0,Presencia sostenida en rankings chilenos,1,86,1,29.011627906976745,86.81395348837209,0.37209302325581395,0.686046511627907,86,33,0.981945,1,Alta señal digital local
Guelo Star,0,Presencia sostenida en rankings chilenos,1,85,1,28.36470588235294,74.51764705882353,0.18823529411764706,0.12941176470588237,85,37,0.98989,1,Alta señal digital local
Almighty,3,Baja presencia o menor posicionamiento local,0,83,2,34.75903614457831,68.3132530120482,3.0,4.27710843373494,83,33,0.139331,0,Menor señal digital local
Kail BRL,3,Baja presencia o menor posicionamiento local,0,82,1,43.0,66.1951219512195,0.024390243902439025,0.5365853658536586,82,17,0.000597,0,Menor señal digital local
Neton Vega,0,Presencia sostenida en rankings chilenos,1,81,2,25.123456790123456,85.45679012345678,0.9259259259259259,7.419753086419753,81,41,0.989154,1,Alta señal digital local
Alemán,0,Presencia sostenida en rankings chilenos,1,81,2,25.123456790123456,85.45679012345678,0.9259259259259259,7.419753086419753,81,41,0.989154,1,Alta señal digital local
Maria Becerra,3,Baja presencia o menor posicionamiento local,0,79,3,39.0253164556962,72.46835443037975,0.5949367088607594,2.949367088607595,79,24,0.012709,0,Menor señal digital local
Yandel,0,Presencia sostenida en rankings chilenos,1,79,3,22.40506329113924,78.24050632911393,1.1139240506329113,3.088607594936709,79,50,0.999038,1,Alta señal digital local
Valdi,0,Presencia sostenida en rankings chilenos,1,78,8,19.53846153846154,58.56410256410256,1.6666666666666667,8.679487179487179,73,48,0.993455,1,Alta señal digital local
Taiu,0,Presencia sostenida en rankings chilenos,1,77,2,34.688311688311686,87.71428571428571,0.7272727272727273,1.2597402597402598,77,43,0.981469,1,Alta señal digital local
Tokischa,3,Baja presencia o menor posicionamiento local,0,76,2,39.18421052631579,88.64473684210526,0.8289473684210527,2.013157894736842,76,32,0.369956,0,Menor señal digital local
Billie Eilish,3,Baja presencia o menor posicionamiento local,0,74,3,45.648648648648646,97.45945945945945,0.4864864864864865,1.3513513513513513,72,14,0.001859,0,Menor señal digital local
Ryan Castro,3,Baja presencia o menor posicionamiento local,0,73,3,39.21917808219178,78.1917808219178,0.4657534246575342,2.767123287671233,73,33,0.185002,0,Menor señal digital local
Kevin Martes 13,3,Baja presencia o menor posicionamiento local,0,70,1,37.68571428571428,63.31428571428572,0.5285714285714286,1.5857142857142856,70,27,0.008558,0,Menor señal digital local
Chuwi,0,Presencia sostenida en rankings chilenos,1,68,1,20.191176470588236,88.13235294117646,0.1323529411764706,1.9264705882352942,68,44,0.999225,1,Alta señal digital local
Mora,3,Baja presencia o menor posicionamiento local,0,68,14,37.794117647058826,69.57352941176471,2.2058823529411766,5.705882352941177,46,34,0.265473,0,Menor señal digital local
DFZM,0,Presencia sostenida en rankings chilenos,1,68,2,36.05882352941177,87.29411764705883,0.8088235294117647,5.426470588235294,68,33,0.475005,0,Menor señal digital local
J Alvarez,0,Presencia sostenida en rankings chilenos,1,67,1,28.507462686567163,66.32835820895522,0.014925373134328358,0.2835820895522388,67,39,0.986708,1,Alta señal digital local
Bad Gyal,3,Baja presencia o menor posicionamiento local,0,67,1,40.149253731343286,89.25373134328358,0.029850746268656716,-0.13432835820895522,67,21,0.011632,0,Menor señal digital local
LACUEVA,3,Baja presencia o menor posicionamiento local,0,66,2,35.24242424242424,61.86363636363637,-0.015151515151515152,1.1818181818181819,54,33,0.136727,0,Menor señal digital local
En La Nota Records,0,Presencia sostenida en rankings chilenos,1,65,1,28.276923076923076,64.76923076923077,0.07692307692307693,0.6923076923076923,65,41,0.989063,1,Alta señal digital local
TORRRES,0,Presencia sostenida en rankings chilenos,1,64,1,34.15625,84.640625,0.484375,3.15625,64,32,0.610288,1,Alta señal digital local
De La Ghetto,3,Baja presencia o menor posicionamiento local,0,60,5,38.68333333333333,60.68333333333333,1.0333333333333334,2.75,60,40,0.452551,0,Menor señal digital local
Yexel,3,Baja presencia o menor posicionamiento local,0,59,1,41.76271186440678,78.89830508474576,0.2542372881355932,2.0,59,23,0.003931,0,Menor señal digital local
Renn,3,Baja presencia o menor posicionamiento local,0,59,1,41.76271186440678,78.89830508474576,0.2542372881355932,2.0,59,23,0.003931,0,Menor señal digital local
Tony Dize,3,Baja presencia o menor posicionamiento local,0,58,2,42.98275862068966,76.10344827586206,0.46551724137931033,2.4310344827586206,58,17,0.000811,0,Menor señal digital local
Engel Montaz,0,Presencia sostenida en rankings chilenos,1,57,4,26.68421052631579,71.14035087719299,1.3157894736842106,8.56140350877193,57,44,0.967242,1,Alta señal digital local
CamiMusic,3,Baja presencia o menor posicionamiento local,0,55,1,38.58181818181818,73.45454545454545,0.14545454545454545,-1.490909090909091,55,20,0.003882,0,Menor señal digital local
iñigo quintero,0,Presencia sostenida en rankings chilenos,1,55,1,25.054545454545455,98.21818181818182,0.01818181818181818,0.0,55,39,0.997226,1,Alta señal digital local
Lenny Tavárez,0,Presencia sostenida en rankings chilenos,1,55,2,19.545454545454547,76.45454545454545,1.3818181818181818,1.5636363636363637,54,50,0.99947,1,Alta señal digital local
DJ Acres,3,Baja presencia o menor posicionamiento local,0,54,1,42.148148148148145,55.53703703703704,0.37037037037037035,1.4444444444444444,54,20,0.000324,0,Menor señal digital local
RaiNao,0,Presencia sostenida en rankings chilenos,1,54,1,24.25925925925926,87.25925925925925,0.018518518518518517,1.1296296296296295,54,44,0.998026,1,Alta señal digital local
Kuv507,0,Presencia sostenida en rankings chilenos,1,52,2,26.596153846153847,74.40384615384616,0.8846153846153846,7.230769230769231,52,44,0.98018,1,Alta señal digital local
Latinnites Music,0,Presencia sostenida en rankings chilenos,1,52,2,26.596153846153847,74.40384615384616,0.8846153846153846,7.230769230769231,52,44,0.98018,1,Alta señal digital local
Ovyze,3,Baja presencia o menor posicionamiento local,0,52,2,35.84615384615385,59.67307692307692,0.2692307692307692,0.7884615384615384,51,33,0.065208,0,Menor señal digital local
Omega,0,Presencia sostenida en rankings chilenos,1,51,1,30.392156862745097,67.98039215686275,0.29411764705882354,2.3529411764705883,51,41,0.969565,1,Alta señal digital local
Yeri Mua,3,Baja presencia o menor posicionamiento local,0,50,2,41.68,75.22,0.44,2.26,50,23,0.00336,0,Menor señal digital local
Kreamly,0,Presencia sostenida en rankings chilenos,1,49,3,19.73469387755102,65.73469387755102,0.6122448979591837,8.10204081632653,49,50,0.996944,1,Alta señal digital local
Wolfine,0,Presencia sostenida en rankings chilenos,1,49,1,28.836734693877553,84.53061224489795,0.02040816326530612,1.183673469387755,49,29,0.917389,1,Alta señal digital local
Ñejo,0,Presencia sostenida en rankings chilenos,1,49,1,28.836734693877553,84.53061224489795,0.02040816326530612,1.183673469387755,49,29,0.917389,1,Alta señal digital local
benjitalkapone,0,Presencia sostenida en rankings chilenos,1,48,2,10.333333333333334,64.58333333333333,2.0208333333333335,13.479166666666666,34,50,0.998493,1,Alta señal digital local
Entremares,0,Presencia sostenida en rankings chilenos,1,46,5,26.32608695652174,62.108695652173914,1.5,14.108695652173912,22,50,0.89157,1,Alta señal digital local
TATOOL,0,Presencia sostenida en rankings chilenos,1,45,1,27.866666666666667,87.04444444444445,1.1333333333333333,2.111111111111111,45,43,0.992458,1,Alta señal digital local
Jombriel,3,Baja presencia o menor posicionamiento local,0,44,1,39.40909090909091,90.52272727272727,0.75,4.636363636363637,44,28,0.022604,0,Menor señal digital local
Jøtta,3,Baja presencia o menor posicionamiento local,0,44,1,39.40909090909091,90.52272727272727,0.75,4.636363636363637,44,28,0.022604,0,Menor señal digital local
Tiësto,3,Baja presencia o menor posicionamiento local,0,43,1,38.58139534883721,86.11627906976744,0.4186046511627907,1.744186046511628,43,27,0.024434,0,Menor señal digital local
J Balvin,3,Baja presencia o menor posicionamiento local,0,42,3,34.54761904761905,78.21428571428571,0.6190476190476191,4.976190476190476,42,33,0.216283,0,Menor señal digital local
Eladio Carrion,0,Presencia sostenida en rankings chilenos,1,37,3,24.594594594594593,77.91891891891892,0.8648648648648649,8.405405405405405,36,44,0.980674,1,Alta señal digital local
Los Bunkers,0,Presencia sostenida en rankings chilenos,1,37,5,38.189189189189186,63.37837837837838,0.1891891891891892,3.2432432432432434,28,47,0.834529,1,Alta señal digital local
Prod Millones,3,Baja presencia o menor posicionamiento local,0,37,1,44.54054054054054,63.810810810810814,0.40540540540540543,1.0,37,15,9.5e-05,0,Menor señal digital local
Fuerza Regida,3,Baja presencia o menor posicionamiento local,0,36,2,35.111111111111114,88.44444444444444,0.5277777777777778,3.361111111111111,34,23,0.028885,0,Menor señal digital local
Moustache,3,Baja presencia o menor posicionamiento local,0,35,1,34.17142857142857,63.142857142857146,0.08571428571428572,0.6857142857142857,35,29,0.028312,0,Menor señal digital local
Haze,3,Baja presencia o menor posicionamiento local,0,33,2,38.303030303030305,79.06060606060606,0.36363636363636365,2.6363636363636362,33,30,0.028797,0,Menor señal digital local
Miguel Bueno,3,Baja presencia o menor posicionamiento local,0,32,1,40.3125,83.09375,0.0625,1.90625,32,20,0.002382,0,Menor señal digital local
Los Pleneros de la Cresta,0,Presencia sostenida en rankings chilenos,1,32,1,32.59375,84.90625,0.03125,1.21875,32,30,0.460602,0,Menor señal digital local
Juan Duque,3,Baja presencia o menor posicionamiento local,0,32,1,40.3125,83.09375,0.0625,1.90625,32,20,0.002382,0,Menor señal digital local
Lil Pump,0,Presencia sostenida en rankings chilenos,1,31,1,25.096774193548388,61.903225806451616,0.0,1.4516129032258065,31,39,0.981476,1,Alta señal digital local
CJota,0,Presencia sostenida en rankings chilenos,1,30,1,30.8,62.0,0.13333333333333333,2.3,30,37,0.769588,1,Alta señal digital local
Bhavi,0,Presencia sostenida en rankings chilenos,1,29,1,26.379310344827587,81.62068965517241,1.1379310344827587,2.793103448275862,29,38,0.981098,1,Alta señal digital local
Seven Kayne,0,Presencia sostenida en rankings chilenos,1,29,1,26.379310344827587,81.62068965517241,1.1379310344827587,2.793103448275862,29,38,0.981098,1,Alta señal digital local
KHEA,0,Presencia sostenida en rankings chilenos,1,29,1,26.379310344827587,81.62068965517241,1.1379310344827587,2.793103448275862,29,38,0.981098,1,Alta señal digital local
Neo Pistea,0,Presencia sostenida en rankings chilenos,1,29,1,26.379310344827587,81.62068965517241,1.1379310344827587,2.793103448275862,29,38,0.981098,1,Alta señal digital local
Marcianeke,3,Baja presencia o menor posicionamiento local,0,26,2,33.26923076923077,59.03846153846154,0.19230769230769232,4.115384615384615,26,35,0.084855,0,Menor señal digital local
Duki,3,Baja presencia o menor posicionamiento local,0,26,2,40.19230769230769,77.3076923076923,0.4230769230769231,2.3076923076923075,26,27,0.00823,0,Menor señal digital local
Paulo Londra,0,Presencia sostenida en rankings chilenos,1,25,2,36.24,65.12,0.84,4.84,25,43,0.439809,0,Menor señal digital local
DONNER,3,Baja presencia o menor posicionamiento local,0,25,2,31.32,56.84,0.16,5.56,25,35,0.113978,0,Menor señal digital local
Dj Kiire,3,Baja presencia o menor posicionamiento local,0,24,1,41.041666666666664,75.33333333333333,0.5833333333333334,1.0833333333333333,24,23,0.002047,0,Menor señal digital local
Uzielito Mix,3,Baja presencia o menor posicionamiento local,0,24,1,41.041666666666664,75.33333333333333,0.5833333333333334,1.0833333333333333,24,23,0.002047,0,Menor señal digital local
Maihuen de los Angeles,0,Presencia sostenida en rankings chilenos,1,24,4,30.791666666666668,60.666666666666664,2.0833333333333335,14.291666666666666,15,49,0.334677,0,Menor señal digital local
Lleflight,3,Baja presencia o menor posicionamiento local,0,24,2,40.5,60.291666666666664,0.375,3.7083333333333335,22,20,0.000412,0,Menor señal digital local
Sech,0,Presencia sostenida en rankings chilenos,1,23,2,35.26086956521739,82.65217391304348,0.7391304347826086,2.5652173913043477,23,44,0.941961,1,Alta señal digital local
Drakomafia,3,Baja presencia o menor posicionamiento local,0,22,1,40.86363636363637,63.40909090909091,0.045454545454545456,2.8181818181818183,22,14,0.000115,0,Menor señal digital local
Cazzu,3,Baja presencia o menor posicionamiento local,0,20,1,42.6,79.0,0.35,2.15,20,19,0.000639,0,Menor señal digital local
Kendrick Lamar,0,Presencia sostenida en rankings chilenos,1,19,1,28.36842105263158,91.63157894736842,0.05263157894736842,5.052631578947368,19,34,0.929814,1,Alta señal digital local
Giuliano Yankees,3,Baja presencia o menor posicionamiento local,0,19,6,43.0,41.36842105263158,2.6842105263157894,6.421052631578948,13,25,0.00022,0,Menor señal digital local
Ariana Grande,3,Baja presencia o menor posicionamiento local,0,18,3,41.166666666666664,86.27777777777777,3.2777777777777777,6.722222222222222,18,24,0.002749,0,Menor señal digital local
Ness,0,Presencia sostenida en rankings chilenos,1,18,1,12.944444444444445,64.22222222222223,2.5,16.88888888888889,18,47,0.989482,1,Alta señal digital local
SOG,3,Baja presencia o menor posicionamiento local,0,15,1,40.13333333333333,73.73333333333333,0.4,3.6,15,17,0.000392,0,Menor señal digital local
XROSS,3,Baja presencia o menor posicionamiento local,0,15,1,37.2,72.86666666666666,1.2666666666666666,4.133333333333334,15,22,0.001796,0,Menor señal digital local
Ozuna,3,Baja presencia o menor posicionamiento local,0,14,2,38.714285714285715,57.0,2.142857142857143,8.071428571428571,14,31,0.001912,0,Menor señal digital local
Casper Magico,3,Baja presencia o menor posicionamiento local,0,13,3,46.61538461538461,54.53846153846154,0.7692307692307693,3.3846153846153846,13,14,2e-05,0,Menor señal digital local
Aventura,3,Baja presencia o menor posicionamiento local,0,13,3,40.92307692307692,75.3076923076923,1.0,9.076923076923077,9,21,0.000649,0,Menor señal digital local
Membrillito,3,Baja presencia o menor posicionamiento local,0,13,1,39.38461538461539,68.53846153846153,1.4615384615384615,7.230769230769231,13,21,0.000415,0,Menor señal digital local
Hades66,3,Baja presencia o menor posicionamiento local,0,13,2,47.38461538461539,66.15384615384616,0.6923076923076923,2.6153846153846154,13,9,1.1e-05,0,Menor señal digital local
Arcángel,3,Baja presencia o menor posicionamiento local,0,13,2,47.0,75.6923076923077,0.6923076923076923,2.4615384615384617,13,8,1.8e-05,0,Menor señal digital local
Noche de Brujas,3,Baja presencia o menor posicionamiento local,0,12,3,36.0,61.166666666666664,8.916666666666666,14.0,5,33,0.000738,0,Menor señal digital local
Dj Rocka,3,Baja presencia o menor posicionamiento local,0,12,1,39.25,63.25,0.8333333333333334,6.916666666666667,12,18,0.000176,0,Menor señal digital local
Slayter,3,Baja presencia o menor posicionamiento local,0,12,2,47.583333333333336,65.75,1.0833333333333333,2.0833333333333335,12,9,1e-05,0,Menor señal digital local
La Kikada,3,Baja presencia o menor posicionamiento local,0,11,1,35.0,64.81818181818181,1.8181818181818181,9.090909090909092,11,25,0.001492,0,Menor señal digital local
Milly,3,Baja presencia o menor posicionamiento local,0,11,1,35.0,64.81818181818181,1.8181818181818181,9.090909090909092,11,25,0.001492,0,Menor señal digital local
TINI,3,Baja presencia o menor posicionamiento local,0,11,1,41.45454545454545,78.63636363636364,0.2727272727272727,5.2727272727272725,11,20,0.000585,0,Menor señal digital local
LIT killah,3,Baja presencia o menor posicionamiento local,0,10,1,34.8,53.5,0.2,5.9,10,43,0.08396,0,Menor señal digital local
La Oreja de Van Gogh,3,Baja presencia o menor posicionamiento local,0,10,2,47.7,78.9,0.0,2.1,10,9,2.6e-05,0,Menor señal digital local
Carín León,3,Baja presencia o menor posicionamiento local,0,10,1,46.6,84.2,1.8,-0.1,10,9,3.6e-05,0,Menor señal digital local
Luck Ra,3,Baja presencia o menor posicionamiento local,0,10,1,34.8,53.5,0.2,5.9,10,43,0.08396,0,Menor señal digital local
Los Hermanos Campos,1,Aparición puntual o comportamiento emergente,0,10,3,22.6,59.3,5.8,27.4,4,46,0.006848,0,Menor señal digital local
Sevdaliza,3,Baja presencia o menor posicionamiento local,0,10,2,33.8,81.9,6.1,16.2,10,32,0.003787,0,Menor señal digital local
Luis Miguel,1,Aparición puntual o comportamiento emergente,0,9,4,30.11111111111111,71.88888888888889,17.666666666666668,19.88888888888889,4,42,0.00115,0,Menor señal digital local
Morat,3,Baja presencia o menor posicionamiento local,0,9,3,45.666666666666664,73.55555555555556,1.2222222222222223,4.333333333333333,4,13,5.4e-05,0,Menor señal digital local
Piero 47,3,Baja presencia o menor posicionamiento local,0,9,2,44.0,46.55555555555556,0.3333333333333333,6.0,9,27,0.000157,0,Menor señal digital local
Onda Sabanera,3,Baja presencia o menor posicionamiento local,0,9,1,46.333333333333336,80.88888888888889,2.7777777777777777,2.3333333333333335,9,19,0.000171,0,Menor señal digital local
Villano Antillano,1,Aparición puntual o comportamiento emergente,0,9,1,32.0,84.11111111111111,6.777777777777778,18.0,9,32,0.002863,0,Menor señal digital local
La Cueva,3,Baja presencia o menor posicionamiento local,0,9,1,34.77777777777778,68.11111111111111,-1.2222222222222223,-6.555555555555555,9,21,0.011396,0,Menor señal digital local
Artemas,3,Baja presencia o menor posicionamiento local,0,8,1,44.125,98.75,0.25,2.625,8,16,0.000657,0,Menor señal digital local
Clarent,3,Baja presencia o menor posicionamiento local,0,8,1,32.125,82.25,3.125,17.875,8,33,0.004913,0,Menor señal digital local
Tunechikidd,3,Baja presencia o menor posicionamiento local,0,8,2,40.25,42.625,0.625,9.75,8,25,0.000111,0,Menor señal digital local
La Sonora De Tommy Rey,1,Aparición puntual o comportamiento emergente,0,8,4,12.0,40.875,38.0,38.0,2,46,1e-06,0,Menor señal digital local
Brray,3,Baja presencia o menor posicionamiento local,0,8,2,37.625,50.125,2.75,12.375,8,34,0.000917,0,Menor señal digital local
Jin,3,Baja presencia o menor posicionamiento local,0,7,1,43.57142857142857,89.0,0.14285714285714285,6.428571428571429,7,17,0.000302,0,Menor señal digital local
Maycol Rosero,3,Baja presencia o menor posicionamiento local,0,7,1,40.285714285714285,53.142857142857146,0.14285714285714285,9.714285714285714,7,22,0.000108,0,Menor señal digital local
NTG,3,Baja presencia o menor posicionamiento local,0,7,1,47.0,73.71428571428571,1.7142857142857142,2.4285714285714284,7,9,1.1e-05,0,Menor señal digital local
YOVNGCHIMI,3,Baja presencia o menor posicionamiento local,0,6,1,47.333333333333336,60.833333333333336,1.3333333333333333,2.6666666666666665,6,9,5e-06,0,Menor señal digital local
CDobleta,3,Baja presencia o menor posicionamiento local,0,6,1,47.333333333333336,60.833333333333336,1.3333333333333333,2.6666666666666665,6,9,5e-06,0,Menor señal digital local
Jung Kook,3,Baja presencia o menor posicionamiento local,0,6,2,48.0,73.0,0.0,2.0,6,9,1.5e-05,0,Menor señal digital local
Mariah Carey,1,Aparición puntual o comportamiento emergente,0,6,2,16.333333333333332,94.66666666666667,18.666666666666668,33.666666666666664,4,50,0.000597,0,Menor señal digital local
Sonora Palacios,1,Aparición puntual o comportamiento emergente,0,6,3,9.5,49.5,40.5,40.5,2,48,1e-06,0,Menor señal digital local
Abraham Wayne,3,Baja presencia o menor posicionamiento local,0,6,1,39.5,38.5,0.0,10.5,6,28,0.000125,0,Menor señal digital local
Pressure 9X19,3,Baja presencia o menor posicionamiento local,0,6,1,47.333333333333336,60.833333333333336,1.3333333333333333,2.6666666666666665,6,9,5e-06,0,Menor señal digital local
Arcane,1,Aparición puntual o comportamiento emergente,0,5,2,35.0,84.8,13.0,15.0,5,34,0.00135,0,Menor señal digital local
Stromae,1,Aparición puntual o comportamiento emergente,0,5,2,35.0,84.8,13.0,15.0,5,34,0.00135,0,Menor señal digital local
0-600,3,Baja presencia o menor posicionamiento local,0,5,1,43.6,73.6,0.2,0.4,5,19,0.000341,0,Menor señal digital local
Pomme,1,Aparición puntual o comportamiento emergente,0,5,2,35.0,84.8,13.0,15.0,5,34,0.00135,0,Menor señal digital local
Orodembow,3,Baja presencia o menor posicionamiento local,0,5,1,43.6,73.6,0.2,0.4,5,19,0.000341,0,Menor señal digital local
Hugo Lagos,1,Aparición puntual o comportamiento emergente,0,5,4,31.0,55.4,11.4,19.0,2,39,0.001038,0,Menor señal digital local
Los Vikings 5,1,Aparición puntual o comportamiento emergente,0,5,4,32.6,50.0,17.4,17.4,2,28,3.4e-05,0,Menor señal digital local
Grupo Firme,3,Baja presencia o menor posicionamiento local,0,5,1,46.8,90.0,1.2,3.2,5,7,2.2e-05,0,Menor señal digital local
Juanka,1,Aparición puntual o comportamiento emergente,0,5,1,18.6,51.8,6.4,31.4,5,38,0.000626,0,Menor señal digital local
La Gran Magia Tropical,1,Aparición puntual o comportamiento emergente,0,5,1,24.4,61.6,11.4,25.6,5,40,0.000616,0,Menor señal digital local
ORO600,3,Baja presencia o menor posicionamiento local,0,5,1,43.6,73.6,0.2,0.4,5,19,0.000341,0,Menor señal digital local
Silvia Infantas Y Los Condores,1,Aparición puntual o comportamiento emergente,0,5,3,31.6,56.6,5.6,18.4,2,35,0.001059,0,Menor señal digital local
Nickzzy,3,Baja presencia o menor posicionamiento local,0,5,1,41.8,49.0,7.0,8.2,5,32,0.000145,0,Menor señal digital local
Andy Williams,1,Aparición puntual o comportamiento emergente,0,4,2,23.25,85.5,20.0,26.75,4,41,0.000322,0,Menor señal digital local
BRUNO MATEUS,1,Aparición puntual o comportamiento emergente,0,4,1,23.75,54.75,13.0,26.25,4,38,0.000206,0,Menor señal digital local
Pachuco y La Cubanacán,1,Aparición puntual o comportamiento emergente,0,4,2,28.25,41.75,21.75,21.75,2,37,2.9e-05,0,Menor señal digital local
Ovi,1,Aparición puntual o comportamiento emergente,0,4,2,25.75,48.75,7.75,24.25,3,36,0.000295,0,Menor señal digital local
Pop Smoke,3,Baja presencia o menor posicionamiento local,0,4,1,46.25,75.0,2.0,3.75,4,9,1.1e-05,0,Menor señal digital local
Taylor Swift,3,Baja presencia o menor posicionamiento local,0,4,4,43.25,0.0,6.75,6.75,1,17,0.0,0,Menor señal digital local
El Alfa,3,Baja presencia o menor posicionamiento local,0,4,1,46.25,75.0,2.0,3.75,4,9,1.1e-05,0,Menor señal digital local
Rafaga,1,Aparición puntual o comportamiento emergente,0,4,2,15.0,68.0,35.0,35.0,2,43,4e-06,0,Menor señal digital local
Piso 21,3,Baja presencia o menor posicionamiento local,0,4,1,48.75,84.25,1.25,0.0,4,6,1.1e-05,0,Menor señal digital local
Michael Bublé,1,Aparición puntual o comportamiento emergente,0,4,3,34.0,84.25,16.0,16.0,2,23,0.000106,0,Menor señal digital local
Marc Anthony,3,Baja presencia o menor posicionamiento local,0,4,1,48.75,84.25,1.25,0.0,4,6,1.1e-05,0,Menor señal digital local
Giolito Y Su Combo,1,Aparición puntual o comportamiento emergente,0,4,3,30.25,40.25,19.75,19.75,2,30,1.3e-05,0,Menor señal digital local
Wham!,1,Aparición puntual o comportamiento emergente,0,4,2,7.0,92.25,23.25,43.0,4,49,5.4e-05,0,Menor señal digital local
La Combo Tortuga,1,Aparición puntual o comportamiento emergente,0,4,1,35.25,57.5,12.75,14.75,4,25,2.5e-05,0,Menor señal digital local
Los Charros De Lumaco,3,Baja presencia o menor posicionamiento local,0,4,2,38.75,59.25,3.5,11.25,4,26,0.000311,0,Menor señal digital local
José Feliciano,1,Aparición puntual o comportamiento emergente,0,4,2,12.0,84.5,30.75,38.0,4,48,1.5e-05,0,Menor señal digital local
Juanes,3,Baja presencia o menor posicionamiento local,0,4,1,44.75,73.0,1.0,5.25,4,13,3.2e-05,0,Menor señal digital local
Bobby Helms,1,Aparición puntual o comportamiento emergente,0,4,1,18.0,93.75,20.75,32.0,4,47,0.000274,0,Menor señal digital local
*NSYNC,3,Baja presencia o menor posicionamiento local,0,4,1,44.5,85.5,1.25,5.5,4,17,0.000175,0,Menor señal digital local
Brenda Lee,1,Aparición puntual o comportamiento emergente,0,4,1,18.75,96.75,20.25,31.25,4,43,0.000254,0,Menor señal digital local
Junior H,3,Baja presencia o menor posicionamiento local,0,4,1,46.25,75.0,2.0,3.75,4,9,1.1e-05,0,Menor señal digital local
Pierre La Voz,1,Aparición puntual o comportamiento emergente,0,3,1,28.0,60.333333333333336,16.666666666666668,22.0,3,43,0.000468,0,Menor señal digital local
Kelly Clarkson,1,Aparición puntual o comportamiento emergente,0,3,2,21.0,89.0,22.0,29.0,3,40,0.000162,0,Menor señal digital local
C. Tangana,3,Baja presencia o menor posicionamiento local,0,3,1,39.666666666666664,48.666666666666664,1.3333333333333333,10.333333333333334,3,28,0.000219,0,Menor señal digital local
Bolier,1,Aparición puntual o comportamiento emergente,0,3,1,31.666666666666668,56.0,7.333333333333333,18.333333333333332,3,34,0.000371,0,Menor señal digital local
Loco,3,Baja presencia o menor posicionamiento local,0,3,1,35.0,53.333333333333336,5.0,15.0,3,18,2.6e-05,0,Menor señal digital local
Baby J & Young Weapon,3,Baja presencia o menor posicionamiento local,0,3,1,49.0,57.333333333333336,0.6666666666666666,1.0,3,3,1e-06,0,Menor señal digital local
Los Reales del Valle,3,Baja presencia o menor posicionamiento local,0,3,2,34.0,57.0,8.666666666666666,16.0,2,24,7.2e-05,0,Menor señal digital local
DJ Urba,3,Baja presencia o menor posicionamiento local,0,2,1,49.0,71.5,1.0,1.0,2,3,2e-06,0,Menor señal digital local
Dean Martin,1,Aparición puntual o comportamiento emergente,0,2,1,21.5,94.0,28.5,28.5,2,32,2.1e-05,0,Menor señal digital local
B. Swanson Quartet,1,Aparición puntual o comportamiento emergente,0,2,2,19.5,88.0,30.5,30.5,2,32,1.2e-05,0,Menor señal digital local
Conjunto Alerce,1,Aparición puntual o comportamiento emergente,0,2,1,22.5,58.0,9.5,27.5,2,37,0.000351,0,Menor señal digital local
Lyon la f,3,Baja presencia o menor posicionamiento local,0,2,1,41.5,51.0,3.5,8.5,2,11,4e-06,0,Menor señal digital local
Conjunto Graneros,3,Baja presencia o menor posicionamiento local,0,2,1,31.5,57.5,5.5,18.5,2,27,0.000194,0,Menor señal digital local
Remers,3,Baja presencia o menor posicionamiento local,0,2,1,40.0,20.5,3.5,10.0,2,14,1e-06,0,Menor señal digital local
Rene Inostroza,3,Baja presencia o menor posicionamiento local,0,2,1,44.5,54.0,3.0,5.5,2,7,2e-06,0,Menor señal digital local
The Fontane Sisters,1,Aparición puntual o comportamiento emergente,0,2,1,34.5,90.0,15.5,15.5,2,21,5.3e-05,0,Menor señal digital local
LISA,3,Baja presencia o menor posicionamiento local,0,2,1,47.0,44.0,3.0,3.0,2,7,1e-06,0,Menor señal digital local
Latto,3,Baja presencia o menor posicionamiento local,0,2,1,46.0,36.5,0.0,4.0,2,9,1e-06,0,Menor señal digital local
Jory Boy,3,Baja presencia o menor posicionamiento local,0,2,2,42.0,33.5,8.0,8.0,2,15,2e-06,0,Menor señal digital local
Jowell & Randy,3,Baja presencia o menor posicionamiento local,0,2,1,49.0,71.5,1.0,1.0,2,3,2e-06,0,Menor señal digital local
Los Hermanos Lagos,3,Baja presencia o menor posicionamiento local,0,2,1,34.0,57.5,1.0,16.0,2,31,0.000766,0,Menor señal digital local
Américo,3,Baja presencia o menor posicionamiento local,0,2,2,46.0,59.0,4.0,4.0,2,7,3e-06,0,Menor señal digital local
The Ronettes,1,Aparición puntual o comportamiento emergente,0,2,1,24.5,81.5,25.5,25.5,2,29,2.8e-05,0,Menor señal digital local
Amar Azul,3,Baja presencia o menor posicionamiento local,0,2,1,46.0,45.5,4.0,4.0,2,6,1e-06,0,Menor señal digital local
Distobal,3,Baja presencia o menor posicionamiento local,0,2,2,46.0,28.5,4.0,4.0,2,9,0.0,0,Menor señal digital local
Daryl Hall & John Oates,3,Baja presencia o menor posicionamiento local,0,2,1,37.0,84.5,13.0,13.0,2,20,4.6e-05,0,Menor señal digital local
Mattei,3,Baja presencia o menor posicionamiento local,0,2,1,49.0,71.5,1.0,1.0,2,3,2e-06,0,Menor señal digital local
Perry Como,1,Aparición puntual o comportamiento emergente,0,2,1,34.5,90.0,15.5,15.5,2,21,5.3e-05,0,Menor señal digital local
Frank Sinatra,1,Aparición puntual o comportamiento emergente,0,2,2,19.5,88.0,30.5,30.5,2,32,1.2e-05,0,Menor señal digital local
Mitchell Ayres & His Orchestra,1,Aparición puntual o comportamiento emergente,0,2,1,34.5,90.0,15.5,15.5,2,21,5.3e-05,0,Menor señal digital local
Miky Woodz,3,Baja presencia o menor posicionamiento local,0,2,1,40.0,20.5,3.5,10.0,2,14,1e-06,0,Menor señal digital local
ROSALÍA,3,Baja presencia o menor posicionamiento local,0,2,1,47.0,44.0,3.0,3.0,2,7,1e-06,0,Menor señal digital local
Dj Agus Lima,1,Aparición puntual o comportamiento emergente,0,2,1,2.0,0.0,24.0,48.0,2,49,2e-06,0,Menor señal digital local
Antonio Rios,3,Baja presencia o menor posicionamiento local,0,1,1,39.0,59.0,11.0,11.0,1,12,2e-06,0,Menor señal digital local
Vallejo Music,1,Aparición puntual o comportamiento emergente,0,1,1,28.0,65.0,22.0,22.0,1,23,6e-06,0,Menor señal digital local
Ken-Y,3,Baja presencia o menor posicionamiento local,0,1,1,48.0,67.0,2.0,2.0,1,3,1e-06,0,Menor señal digital local
Kilvertz,3,Baja presencia o menor posicionamiento local,0,1,1,48.0,0.0,2.0,2.0,1,3,0.0,0,Menor señal digital local
Los Mismos de Siempre,1,Aparición puntual o comportamiento emergente,0,1,1,22.0,55.0,28.0,28.0,1,29,4e-06,0,Menor señal digital local
Jossi,3,Baja presencia o menor posicionamiento local,0,1,1,46.0,0.0,4.0,4.0,1,5,0.0,0,Menor señal digital local
Lasso,3,Baja presencia o menor posicionamiento local,0,1,1,47.0,80.0,3.0,3.0,1,4,4e-06,0,Menor señal digital local
Laufey,3,Baja presencia o menor posicionamiento local,0,1,1,49.0,88.0,1.0,1.0,1,2,5e-06,0,Menor señal digital local
La Noche,3,Baja presencia o menor posicionamiento local,0,1,1,49.0,57.0,1.0,1.0,1,2,1e-06,0,Menor señal digital local
Zion,3,Baja presencia o menor posicionamiento local,0,1,1,48.0,67.0,2.0,2.0,1,3,1e-06,0,Menor señal digital local
Myriam Hernandez,3,Baja presencia o menor posicionamiento local,0,1,1,48.0,59.0,2.0,2.0,1,3,1e-06,0,Menor señal digital local
NandoVVS,3,Baja presencia o menor posicionamiento local,0,1,1,50.0,32.0,0.0,0.0,1,1,0.0,0,Menor señal digital local
JC Reyes,3,Baja presencia o menor posicionamiento local,0,1,1,48.0,0.0,2.0,2.0,1,3,0.0,0,Menor señal digital local
Grupo disparo,3,Baja presencia o menor posicionamiento local,0,1,1,46.0,62.0,4.0,4.0,1,5,2e-06,0,Menor señal digital local
Los de Ramon,3,Baja presencia o menor posicionamiento local,0,1,1,37.0,54.0,13.0,13.0,1,14,2e-06,0,Menor señal digital local
Lucho Lambis,1,Aparición puntual o comportamiento emergente,0,1,1,19.0,52.0,31.0,31.0,1,32,3e-06,0,Menor señal digital local
Fuka,1,Aparición puntual o comportamiento emergente,0,1,1,29.0,0.0,21.0,21.0,1,22,0.0,0,Menor señal digital local
Garras de Amor,3,Baja presencia o menor posicionamiento local,0,1,1,42.0,53.0,8.0,8.0,1,9,1e-06,0,Menor señal digital local
Jorge Yanez,3,Baja presencia o menor posicionamiento local,0,1,1,41.0,54.0,9.0,9.0,1,10,2e-06,0,Menor señal digital local
Morad,3,Baja presencia o menor posicionamiento local,0,1,1,49.0,0.0,1.0,1.0,1,2,0.0,0,Menor señal digital local
Fuego,3,Baja presencia o menor posicionamiento local,0,1,1,47.0,0.0,3.0,3.0,1,4,0.0,0,Menor señal digital local
Gio Valentinno,1,Aparición puntual o comportamiento emergente,0,1,1,31.0,0.0,19.0,19.0,1,20,0.0,0,Menor señal digital local
Rodolfo el Reno Y Musica Navideña,3,Baja presencia o menor posicionamiento local,0,1,1,48.0,66.0,2.0,2.0,1,3,1e-06,0,Menor señal digital local
Sacra Mr Melody,3,Baja presencia o menor posicionamiento local,0,1,1,43.0,63.0,7.0,7.0,1,8,2e-06,0,Menor señal digital local
Renzo Pianciola,1,Aparición puntual o comportamiento emergente,0,1,1,30.0,0.0,20.0,20.0,1,21,0.0,0,Menor señal digital local
Drago200,3,Baja presencia o menor posicionamiento local,0,1,1,50.0,54.0,0.0,0.0,1,1,0.0,0,Menor señal digital local
Elvis Presley,3,Baja presencia o menor posicionamiento local,0,1,1,44.0,88.0,6.0,6.0,1,7,1.2e-05,0,Menor señal digital local
Red Fingers,1,Aparición puntual o comportamiento emergente,0,1,1,29.0,0.0,21.0,21.0,1,22,0.0,0,Menor señal digital local
Sia,3,Baja presencia o menor posicionamiento local,0,1,1,45.0,93.0,5.0,5.0,1,6,1.4e-05,0,Menor señal digital local
Sonora Malecón,1,Aparición puntual o comportamiento emergente,0,1,1,19.0,52.0,31.0,31.0,1,32,3e-06,0,Menor señal digital local
Daimi,3,Baja presencia o menor posicionamiento local,0,1,1,39.0,0.0,11.0,11.0,1,12,0.0,0,Menor señal digital local
Yami Safdie,3,Baja presencia o menor posicionamiento local,0,1,1,47.0,80.0,3.0,3.0,1,4,4e-06,0,Menor señal digital local
Camilo,3,Baja presencia o menor posicionamiento local,0,1,1,38.0,73.0,12.0,12.0,1,13,6e-06,0,Menor señal digital local
Alex Rose,1,Aparición puntual o comportamiento emergente,0,1,1,35.0,0.0,15.0,15.0,1,16,0.0,0,Menor señal digital local
leftovermax,3,Baja presencia o menor posicionamiento local,0,1,1,45.0,89.0,5.0,5.0,1,6,1.1e-05,0,Menor señal digital local
AKRIILA,3,Baja presencia o menor posicionamiento local,0,1,1,39.0,0.0,11.0,11.0,1,12,0.0,0,Menor señal digital local
